Agent,Pick Rate
jett,80.19999999999999
sova,72.2
astra,65.0
viper,51.199999999999996
skye,52.199999999999996
killjoy,33.4
sage,29.799999999999997
cypher,34.6
breach,13.399999999999999
reyna,20.0
raze,27.2
kayo,11.0
brimstone,1.6
omen,6.2
iso,0.0
neon,0.0
phoenix,1.6
harbor,0.0
gekko,0.0
fade,0.0
deadlock,0.0
chamber,0.0
yoru,0.0
