Agent,Pick Rate
jett,4.01
sova,3.6100000000000003
astra,3.25
viper,2.5599999999999996
skye,2.61
killjoy,1.6700000000000002
sage,1.4900000000000002
cypher,1.7300000000000002
breach,0.6699999999999999
reyna,1.0
raze,1.3599999999999999
kayo,0.55
brimstone,0.08
omen,0.31
iso,0.0
neon,0.0
phoenix,0.08
harbor,0.0
gekko,0.0
fade,0.0
deadlock,0.0
chamber,0.0
yoru,0.0
