Agent,Pick Rate
killjoy,2.3200000000000003
skye,2.02
raze,2.08
viper,1.6199999999999999
jett,2.26
omen,1.9200000000000002
astra,1.18
sova,1.26
brimstone,0.7100000000000001
breach,1.28
kayo,0.8200000000000001
fade,0.4
harbor,0.38
chamber,0.42999999999999994
cypher,0.62
yoru,0.13
neon,0.23
gekko,0.11
phoenix,0.14
reyna,0.05
sage,0.1
iso,0.0
deadlock,0.0
