Map,Attacker Side Win Percentage,Defender Side Win Percentage
Ascent,46.4,53.6
Bind,44.4,55.599999999999994
Breeze,49.800000000000004,50.6
Haven,50.599999999999994,49.400000000000006
Icebox,55.8,44.2
Split,45.2,54.8
